{"0": [[2, 0.0001919999999921984, 178.99992000000003, 127.49952000000002, 300.99983999999995]], "1": [[2, -0.0001919999999921984, 179.25024, 127.00031999999999, 300.74976]], "2": [[2, 0.0001920000000055211, 179.25024, 126.24959999999999, 300.74976]], "3": [[2, 1.4995199999999942, 183.50016000000002, 213.50016000000002, 296.49984]], "4": [[2, 0.0001920000000055211, 179.49984, 124.99967999999998, 300.50016]], "5": [[2, 0.0001920000000055211, 179.25024, 130.49952, 300.74976]], "6": [[2, -0.0001919999999921984, 179.75016, 127.00031999999999, 300.25008]], "7": [[2, 1.5004800000000085, 183.49967999999998, 212.49984, 296.25023999999996]], "8": [[2, 0.0001919999999921984, 175.24992000000003, 127.99968000000001, 304.75008]], "9": [[2, -0.0001919999999921984, 179.75016, 125.7504, 300.25008]], "10": [[2, 9.600000000276054e-05, 178.50024000000002, 128.49984, 301.5]], "11": [[2, 0.0, 181.00007999999997, 127.75008, 299.00016000000005]], "12": [[2, -0.0001919999999921984, 179.75016, 127.00031999999999, 300.25008]], "13": [[2, 1.4999999999999947, 182.75016, 217.99968, 297.25008]], "14": [[2, 0.0001919999999921984, 176.99999999999997, 127.49952000000002, 303.0], [2, 735.7497599999999, 187.49976, 224.25024, 292.5]], "15": [[2, 0.0, 179.49984, 127.75008, 300.50016]], "16": [[2, 1.500000000000008, 185.25023999999996, 231.2496, 294.74976]], "17": [[2, 1.2499199999999977, 184.75007999999997, 218.49984, 295.24992]], "18": [[2, 1.2494399999999972, 183.24983999999998, 208.00032, 296.74992000000003]], "19": [[2, 0.0001919999999921984, 176.99999999999997, 127.49952000000002, 303.0]], "20": [[2, 0.0001919999999921984, 175.50024, 127.49952000000002, 304.5]], "21": [[2, -0.0001920000000055211, 177.24984, 124.50048, 302.74992], [2, 739.00032, 189.25008, 220.75008000000003, 290.25024]], "22": [[2, 1.0003200000000012, 182.75016, 214.75008, 297.25008]], "23": [[2, 0.0001919999999921984, 178.99992000000003, 127.99968000000001, 300.99983999999995]], "24": [[2, -9.600000000276054e-05, 179.25024, 126.50016, 300.74976]], "25": [[2, 1.500000000000008, 184.75007999999997, 224.75039999999998, 295.24992]], "26": [[2, 9.600000000276054e-05, 179.25024, 128.49984, 300.74976]], "27": [[2, 1.2503999999999982, 183.24983999999998, 211.75008, 296.74992000000003]], "28": [[2, 0.0, 178.99992000000003, 127.24992, 300.99983999999995]], "29": [[2, 1.4995199999999942, 184.00008000000003, 223.00032, 296.00016]], "30": [[2, 1.0003200000000012, 184.49976, 213.50016000000002, 295.5]], "31": [[2, 0.0, 179.49984, 126.0, 300.50016]], "32": [[2, 0.0001919999999921984, 177.50015999999997, 127.49952000000002, 302.49984]], "33": [[2, 1.4995199999999942, 184.75007999999997, 227.7504, 295.24992]], "34": [[2, 1.4999999999999947, 184.00008000000003, 225.0, 296.00016]], "35": [[2, 1.2499199999999977, 184.00008000000003, 222.2496, 296.00016]], "36": [[2, 0.0, 177.75, 129.0, 302.24976]], "37": [[2, 1.2499199999999977, 184.00008000000003, 221.7504, 296.00016]], "38": [[2, 1.4995200000000075, 184.49976, 224.25024, 295.5]], "39": [[2, 0.0, 176.75016000000002, 127.24992, 303.25007999999997]], "40": [[2, 1.2503999999999982, 184.49976, 213.2496, 295.5]], "41": [[2, 1.4999999999999947, 184.00008000000003, 228.50016000000002, 296.00016]], "42": [[2, 0.0001919999999921984, 178.75007999999997, 127.49952000000002, 301.24992000000003]], "43": [[2, 0.9998400000000007, 184.75007999999997, 211.50048, 295.24992]], "44": [[2, 0.7497600000000038, 184.75007999999997, 209.75039999999998, 295.24992]], "45": [[2, 1.2503999999999982, 184.24991999999997, 222.50016, 295.75007999999997]], "46": [[2, 0.9993600000000002, 185.25023999999996, 214.50048, 294.74976]], "47": [[2, 0.0001919999999921984, 178.75007999999997, 129.24960000000002, 301.24992000000003]], "48": [[2, 1.4999999999999947, 184.00008000000003, 214.00032000000002, 296.00016]], "49": [[2, 1.2499199999999977, 184.99992, 222.0, 294.99984]], "50": [[2, -0.0001920000000055211, 178.50024000000002, 130.00032000000002, 301.5]], "51": [[2, -0.0001920000000055211, 178.99992000000003, 128.7504, 300.99983999999995]], "52": [[2, 1.2503999999999982, 184.24991999999997, 216.74976, 295.75007999999997]], "53": [[2, 0.0001919999999921984, 178.75007999999997, 127.49952000000002, 301.24992000000003]], "54": [[2, 0.0001919999999921984, 179.49984, 129.24960000000002, 300.50016]], "55": [[2, -9.599999998943787e-05, 177.50015999999997, 128.25024, 302.49984]], "56": [[2, 0.0001919999999921984, 179.75016, 129.24960000000002, 300.25008], [2, 721.7496000000001, 188.24999999999997, 238.00032, 291.75024]], "57": [[2, 0.0, 178.75007999999997, 127.75008, 301.24992000000003], [2, 914.2499999999999, 174.49992, 43.5, 252.25008]], "58": [[2, 1.2503999999999982, 184.99992, 226.24992, 294.99984]], "59": [[2, 9.599999998943787e-05, 180.74976, 126.74976000000001, 299.25024]], "60": [[2, 1.2503999999999982, 183.74975999999998, 216.50016, 296.25023999999996]], "61": [[2, 0.0, 179.49984, 129.0, 300.50016]], "62": [[2, -9.600000000276054e-05, 176.25024000000002, 126.50016, 303.74976000000004]], "63": [[2, -9.599999998943787e-05, 178.99992000000003, 129.50016, 300.99983999999995]], "64": [[2, -0.0001919999999921984, 178.99992000000003, 125.7504, 300.99983999999995]], "65": [[2, 1.2499199999999977, 183.00000000000003, 212.49984, 297.0]], "66": [[2, 0.0, 180.50016, 127.75008, 299.49984]], "67": [[2, 1.5004800000000085, 183.24983999999998, 223.49952, 296.74992000000003]], "68": [[2, -0.0001920000000055211, 180.24984, 130.00032000000002, 299.74992]], "69": [[2, 9.599999998943787e-05, 175.99991999999997, 126.74976000000001, 303.99984], [2, 915.249984, 170.50032000000002, 42.749952, 257.49984]], "70": [[2, 1.2499199999999977, 184.49976, 222.2496, 295.5]], "71": [[2, 1.2503999999999982, 184.24991999999997, 220.24992, 295.75007999999997]], "72": [[2, 1.2499199999999977, 183.24983999999998, 210.24960000000002, 296.74992000000003]], "73": [[2, -0.0001920000000055211, 181.24992000000003, 128.7504, 298.75007999999997]], "74": [[2, 9.600000000276054e-05, 175.99991999999997, 128.49984, 303.99984]], "75": [[2, 0.0001919999999921984, 176.99999999999997, 127.99968000000001, 303.0]], "76": [[2, 0.0, 178.99992000000003, 127.24992, 300.99983999999995]], "77": [[2, 0.0, 179.49984, 127.24992, 300.50016]], "78": [[2, 0.7497599999999904, 182.75016, 212.25024000000002, 297.25008]], "79": [[2, 9.599999998943787e-05, 175.99991999999997, 126.74976000000001, 303.99984]], "80": [[2, 9.600000000276054e-05, 176.49983999999998, 128.49984, 303.50016]], "81": [[2, 0.0, 177.75, 126.0, 302.24976]], "82": [[2, -0.0001920000000055211, 179.25024, 128.7504, 300.74976]], "83": [[2, 0.0, 175.99991999999997, 127.75008, 303.99984]], "84": [[2, 0.0001919999999921984, 181.75008000000003, 129.24960000000002, 298.24992]], "85": [[2, 1.4995200000000075, 184.00008000000003, 225.50016, 296.00016]], "86": [[2, 9.599999998943787e-05, 177.75, 126.74976000000001, 302.24976]], "87": [[2, 9.599999998943787e-05, 176.25024000000002, 126.74976000000001, 303.74976000000004]], "88": [[2, 9.599999998943787e-05, 178.75007999999997, 126.74976000000001, 301.24992000000003]], "89": [[2, -9.599999998943787e-05, 180.74976, 128.25024, 299.25024]], "num_frames": 90}